<?xml version="1.0" encoding="UTF-8"?>
<configurationDescriptor version="62">
  <logicalFolder name="root" displayName="root" projectFiles="true">
    <logicalFolder name="HeaderFiles"
                   displayName="Header Files"
                   projectFiles="true">
    </logicalFolder>
    <logicalFolder name="LibraryFiles"
                   displayName="Library Files"
                   projectFiles="true">
    </logicalFolder>
    <logicalFolder name="LinkerScript"
                   displayName="Linker Files"
                   projectFiles="true">
    </logicalFolder>
    <logicalFolder name="ObjectFiles"
                   displayName="Object Files"
                   projectFiles="true">
    </logicalFolder>
    <logicalFolder name="SourceFiles"
                   displayName="Source Files"
                   projectFiles="true">
      <itemPath>DS3231_Main.c</itemPath>
    </logicalFolder>
    <logicalFolder name="ExternalFiles"
                   displayName="Important Files"
                   projectFiles="false">
      <itemPath>Makefile</itemPath>
    </logicalFolder>
  </logicalFolder>
  <projectmakefile>Makefile</projectmakefile>
  <confs>
    <conf name="default" type="2">
      <toolsSet>
        <developmentServer>localhost</developmentServer>
        <targetDevice>PIC18F25J50</targetDevice>
        <targetHeader></targetHeader>
        <targetPluginBoard></targetPluginBoard>
        <platformTool>PICkit3PlatformTool</platformTool>
        <languageToolchain>CCSC</languageToolchain>
        <languageToolchainVersion></languageToolchainVersion>
        <platform>3</platform>
      </toolsSet>
      <compileType>
        <linkerTool>
          <linkerLibItems>
          </linkerLibItems>
        </linkerTool>
        <loading>
          <useAlternateLoadableFile>false</useAlternateLoadableFile>
          <alternateLoadableFile></alternateLoadableFile>
        </loading>
      </compileType>
      <makeCustomizationType>
        <makeCustomizationPreStepEnabled>false</makeCustomizationPreStepEnabled>
        <makeCustomizationPreStep></makeCustomizationPreStep>
        <makeCustomizationPostStepEnabled>false</makeCustomizationPostStepEnabled>
        <makeCustomizationPostStep></makeCustomizationPostStep>
        <makeCustomizationPutChecksumInUserID>false</makeCustomizationPutChecksumInUserID>
        <makeCustomizationEnableLongLines>false</makeCustomizationEnableLongLines>
        <makeCustomizationNormalizeHexFile>false</makeCustomizationNormalizeHexFile>
      </makeCustomizationType>
      <PICkit3PlatformTool>
      </PICkit3PlatformTool>
      <ccscompiler>
        <property key="close-after-compile" value="true"/>
        <property key="compile-for-icd" value="false"/>
        <property key="create-call-tree" value="true"/>
        <property key="create-project-file" value="true"/>
        <property key="create-stats-tree" value="true"/>
        <property key="create-symbol-file" value="true"/>
        <property key="debug-file" value="false"/>
        <property key="errors-and-warnings" value="+EA"/>
        <property key="extra-include-directories" value=""/>
        <property key="keep-after-compile" value="false"/>
        <property key="keep-for-xx-seconds" value=""/>
        <property key="keep-if-errors" value="false"/>
        <property key="keep-if-no-errors" value="false"/>
        <property key="keep-scratch-files-on-disk" value="true"/>
        <property key="list-file" value="+LN"/>
        <property key="list-file-extension" value=""/>
        <property key="old-error-file-format" value="false"/>
        <property key="opt-level" value="9"/>
        <property key="output-flags" value=""/>
        <property key="preprocessor-macros" value=""/>
      </ccscompiler>
    </conf>
  </confs>
</configurationDescriptor>
